0,1,2,3,4,5,6,7,8,9,10,11,12,13,14,15,16,17,18,19,20,21,22,23,24,25,26,27,28,29,30,31,32,33,34,35,36,37,38,39,40,41,42,43,44,45,46,47,48,49,keyword
0.018424494,-0.0114361765,0.006498313,-0.015623572,-0.017881129,0.0040019276,0.009489844,0.012200791,-0.01737517,0.008706143,0.00479701,0.008311911,-0.0013490438,0.011087418,0.014583276,-0.016773865,-0.019864531,0.014029815,-0.0019039441,-0.018749215,-0.008171771,0.0023824882,0.016853228,-0.0033809184,-0.002043259,-0.014729333,-0.015305224,0.0029249287,-0.0009469151,-0.0154004665,0.001759851,-0.01797695,-0.004954066,0.008434529,0.0022340298,0.015661381,0.01317075,-0.0023781466,0.009912913,0.012258484,0.017463546,0.01815705,0.009856339,0.009222925,0.014370058,-0.0031327868,-0.011299396,0.017736137,0.0024211097,-0.010109453,delicate bracelets
0.0026003337,-0.019608606,0.009175525,-0.0010764456,0.012664191,0.0035669494,-0.0062595964,0.015519946,0.0031093312,0.0001104188,-0.009225908,-0.016907047,-0.015533664,0.01734102,-0.01784992,0.018069431,-0.018562036,-0.0005535126,-0.003814094,-0.017862292,0.01726012,0.013555627,0.006038878,0.009666906,0.00022438049,0.018849362,0.014042575,-0.019707453,-0.008866441,-0.0025802231,0.0060954452,-0.008647905,0.0028983331,-0.015691798,0.005556147,0.009405384,0.009874625,-0.0063514044,-0.016854081,-0.018441236,-0.0014457989,-0.01465493,-0.013629925,0.012240011,0.014344607,0.0042348383,-0.015798802,-0.011397976,0.01610369,0.007841688,summer jewelry
-0.01048094,-0.014783809,0.0015431094,0.0069275093,0.004158387,0.006201608,-0.011241,-0.019778972,-0.014041674,0.00046061754,0.009237358,0.009052616,0.003759625,0.010341349,-0.0002107215,0.008228333,-0.018246481,0.015401823,0.012294948,0.010248313,0.014413338,0.016879594,0.0014773917,-0.0034077214,0.0010372567,-0.018633561,0.016812429,-0.012759864,0.016855685,-0.00848871,0.0012936854,-0.018328337,-0.019117136,-0.01567362,-0.015462113,0.000751164,-0.014452925,-0.0099004265,-0.010543413,-0.008578596,0.014024623,0.00965878,0.017365541,0.014187183,-0.011388812,0.014481592,-0.018589806,-0.0051751374,-0.015514333,0.008385203,artisan jewelry
0.0036004614,0.014092183,0.0058893966,-0.013961699,0.015425355,-0.011977854,0.017995417,0.0059184097,-0.008030586,-0.009377987,-0.008833444,-0.012292914,0.018757481,-0.0052991915,0.015544879,-0.01936067,0.004217582,-0.0024672293,0.015088458,-0.018109202,0.014875126,-0.010211592,-0.01202755,-0.011298313,-0.0067583392,-0.0068221926,-0.0063913297,-0.014984403,0.0014175534,-0.0011521435,-0.0033679986,0.0075142644,-0.015240379,-0.006442845,0.010310683,0.017087726,-0.01961988,0.0143906735,0.010618975,-0.0077593946,0.017152315,-0.018443985,0.014497361,0.010727668,0.0025871897,-0.010399508,-0.008357305,-0.00671356,0.0032165742,0.0031734086,layered bracelets
0.014776487,0.019955186,0.017734675,-0.008012898,0.01929078,-0.0012590814,0.009730866,0.0050980328,-0.0012596202,0.007334895,-0.010638828,-0.011513355,-0.015209288,0.0038128686,0.013051739,0.001764257,0.0025138974,0.006343193,0.016269332,-0.015400121,0.0045215036,-0.01494822,0.0074196244,0.0190211,0.015040517,0.012852061,0.016029552,0.01310229,0.013713352,0.017364176,-0.009896081,0.018425908,0.0101184035,-0.0042604995,0.016974898,0.010162685,0.019297909,0.0056648017,0.019735076,0.0023940087,0.018258367,0.007173934,0.013129611,-0.0072226617,0.013585818,0.014487147,-0.0042669224,-0.0037191082,0.0072234916,-0.014072854,minimalist jewelry
0.0194711,-0.019560765,-0.01299898,0.005567572,0.012863975,-0.010734734,0.005504985,0.018242622,-0.013630843,-0.012199824,-0.009979283,-0.0073528243,0.0036994314,0.019365266,0.012875552,0.0007941842,0.0049415375,0.016880982,0.018257959,0.011257505,0.011892526,-0.015241372,-0.007655344,-0.011360664,0.012363548,-0.004512899,-0.01755887,0.01523825,0.016799366,-0.00664047,0.018233318,-0.0014767194,-0.0072530387,-0.0007693815,0.00038885354,-0.007009792,0.005626483,0.01145941,0.013738019,-0.017806932,-0.004385457,-0.010963595,0.0150422,0.013003406,-0.008721445,0.004653666,-0.011907322,0.00047299147,0.01892352,-0.0052196835,beaded bracelets
-0.010375435,-0.014794419,-0.005823884,-0.0017286277,0.0070557236,0.019483779,-0.0067785503,0.003803537,0.019362018,0.0030631733,0.0019729924,0.019604743,0.01859092,0.015416133,-0.012341053,0.019967971,0.011697974,0.018145332,-0.0039903973,0.006699872,0.013667114,-0.0077875135,0.013285701,0.005125725,0.01862746,-0.006071608,-0.0062187384,0.01243078,-0.018156491,-0.014507983,-0.013000052,-0.0014981484,-0.004726043,0.013631038,0.018473184,-0.0018195176,0.0028256488,0.0040407134,-0.0040395977,-0.016068682,0.0148821,-0.008595803,0.009153037,0.018179407,0.006086445,0.0062775803,0.008123658,-0.0054024337,0.0076495386,0.0006752467,bridal jewelry
0.011253424,0.010994742,0.0036582397,0.0114988135,-0.017936155,0.013118715,0.018451983,-0.008414295,0.0032151008,-0.010467763,0.002116437,0.0055403374,0.016321473,0.0010880255,0.0051141167,0.00259547,0.016805045,-0.011415405,-0.01252366,-0.007255037,-0.0046010995,0.010082126,-0.016240714,-0.0056670713,-0.016394854,0.01029942,-0.0051361276,-0.018134214,0.0081434585,0.018034646,-0.0060753203,-0.011677079,0.006039777,-0.00087169645,-0.019958872,0.016835408,-0.014677775,-0.009860814,-0.005314162,-0.010904629,0.00343302,0.019425629,0.009144545,0.016177205,-0.00094091654,0.0012898468,-0.005336704,-0.017559122,0.006862607,0.004186747,unique and trendy jewelry
-0.018843709,-0.009936874,-0.019468198,-0.011439583,0.0081290845,0.017285721,0.0082233,0.0047769286,0.016289556,-0.0022384191,-0.0027954269,-0.017493647,-0.00025158405,-0.005135145,0.0007721543,0.014559324,-0.014082921,-0.0078929495,-0.013329211,-0.0070882295,-0.006631663,0.004274242,0.0066563366,-0.009914374,-0.009092581,0.0022773885,0.0109069655,0.0107472995,-0.0059370734,-0.008533051,-0.011233294,-0.0010899663,0.003892746,0.0030506921,0.014705059,-0.005466745,-0.00013184786,-0.0110552665,-0.0023401307,-0.015423927,-0.0019186592,0.0026193499,-0.017189488,0.017497167,-0.018415732,-0.019249354,-0.017023249,0.0146265365,0.010931137,0.018498924,clip-on earrings
0.005140355,0.0016930581,-0.0050788806,0.018715337,0.0055150175,0.008191297,-0.0023658704,0.0018090081,0.013248615,-0.0014530015,0.0066830157,-0.0013440418,0.010496795,0.0072798682,0.0051650596,-0.010619786,-0.009416201,0.008616044,-0.011814342,-0.0003604126,-0.0012670326,0.0069864867,-0.016884532,0.017634468,-0.0028974891,-0.010661854,0.008108938,-0.0038709808,-0.015530965,-0.008993597,-0.00077545404,-0.017892946,0.0011411262,0.0048835874,-0.006450546,0.0051408005,0.0049615954,0.019976432,0.002861011,0.0040410757,0.0055591227,-0.004155743,-0.017397232,0.016046347,-0.0039493944,-0.019384628,-0.013104009,-0.007891722,0.007908694,0.010077162,bohemian jewelry
0.012172022,-0.01354052,0.0013776756,-0.0055505633,-0.010418394,0.013962545,0.0079039335,-0.006213014,-0.016553814,-0.010281572,-0.0012990689,0.0156235285,0.0120883705,-0.016903313,-0.01912707,0.014267671,-0.004655132,-0.0073846173,0.011499665,-0.0116886115,0.01018791,-0.0004848504,-0.013750327,-0.0006632757,0.012717984,0.018587878,0.004441826,0.010100186,-0.009949047,-0.0015951038,-0.010635271,0.002377925,-0.0035864282,-0.0072652698,-0.014028759,0.019308863,0.005951655,-0.0045624496,-0.00836818,0.015427575,-0.012963709,0.006243086,0.0015747142,0.016645761,0.013672355,-0.005817294,0.0050702,-0.0033321453,-0.018909324,-0.005226922,layered jewelry
0.0026650475,0.013081713,0.019969206,0.01812491,-0.016030721,0.012982772,-0.011429475,-0.0019431496,0.0009656453,0.013163867,0.008940287,0.009207454,0.018966248,0.0007653284,-0.012077427,-0.012660201,0.012863579,-0.010485163,-0.0056996252,0.008150568,-0.0045804717,-0.012050426,-0.00464731,0.002413838,0.0043667196,0.012167547,-0.010428002,0.0061559225,0.014481352,0.0043902276,0.01079498,-0.009690667,0.012305224,-0.015202563,0.006985731,-0.018643608,-0.005208621,-0.018146398,-0.0031765366,-0.010729504,-0.0078878375,0.0023073053,0.0056006955,-0.0030527902,-0.01634103,-0.0118360445,0.0016385913,-0.0078925155,-0.018860895,-0.0015499496,tribal jewelry
0.013266537,0.011957688,-0.019834518,0.006237166,-0.011974602,-0.018363781,0.00034042596,-0.00073924067,-0.013943999,-0.012560115,-0.004852171,0.014193313,-0.015091758,0.015396168,-0.0009508896,0.0021865868,0.018965323,0.00945632,-0.0071455333,0.0074712397,0.007038572,0.012673395,0.00013867854,-0.008847373,0.0026365423,-0.010828469,0.0028235149,0.009852362,0.010309696,0.018363275,-0.01502533,-0.010807288,0.012938745,0.0027109575,-0.013223602,0.0017687797,0.0053540803,-0.005057671,-0.0099203205,0.01000951,0.019243643,-0.014729347,-0.00023064375,-0.0051289177,-0.012730284,-0.0027573109,-0.010501571,0.01811999,-0.011581537,0.00737215,rhinestone jewelry
-0.009771769,-0.0069202064,0.019241845,0.017247139,-0.0056712152,0.011653746,0.01647419,-0.004525962,0.019057084,0.01432043,0.0040830015,-0.0076975273,-0.0101635,-0.0061033056,0.015775729,-0.012380869,-0.005830045,0.018382045,0.0069133113,0.012145224,-0.016065633,-0.0015030098,0.011044895,-0.009428937,0.0149569865,0.018639183,-0.00081873656,-0.004127202,-0.0011867166,-0.011571779,-0.016772563,-0.0030137468,-0.005114367,0.008764868,-0.0137350345,0.010827391,-0.013490171,-0.01564058,0.016943423,0.017837228,-0.0069624805,0.0069828294,-0.01159147,-0.017500171,-0.011031143,0.013497458,0.012835519,0.018876147,0.01411057,0.013509905,statement rings
-0.00047497035,0.008438353,0.0042282916,0.019991644,0.0012589622,-0.0109288525,-0.0023593856,0.004141064,-0.006746137,-0.015693534,-0.011198523,-0.013500135,0.012706654,0.007845113,0.01643107,0.013039337,-0.012255681,0.0054319026,0.016944252,0.0031913137,0.006136458,0.0116252275,-0.017678743,0.018249495,0.013638966,0.017020887,-0.016452525,0.012351079,0.013258142,-0.002715285,-0.012587731,0.01065336,-0.013719155,-0.010646708,0.0070233797,0.016161945,0.017385388,-0.00881063,-0.01837754,0.019215388,0.012580616,-0.00793267,-0.016919458,-0.00943667,-0.007914455,-0.0065469025,0.0016381836,-0.0005943251,-0.006224754,-0.011991975,mixed metal jewelry
-0.0050175334,-0.011805315,0.014966674,-0.014519465,-0.017932238,-0.0035791874,-0.016734874,0.00078041555,0.003891468,-0.004938967,-0.01289602,-0.00064235926,-0.002197008,0.006986723,0.016254026,0.011711142,0.016881976,-0.017936341,0.018884974,-0.004731512,0.017394103,0.0047692345,0.0071704816,-0.019163376,-0.018972907,0.017967843,-0.0057935356,0.005632837,0.012838886,-0.000599854,0.019443793,-0.00206743,-0.01934575,-0.014109695,-0.0020863127,-0.017349802,0.014842897,0.007238667,-0.017493892,0.016959446,0.017859278,0.011694739,0.013819707,-0.019141827,0.0009849358,-0.018441262,-0.007332034,0.00050633907,-0.00056081294,0.0029305648,chic and affordable jewelry
0.0065550874,0.004253855,0.010639694,0.015040991,-0.011771378,0.01591463,0.011983016,0.019571776,0.009247716,-0.0066545513,-0.007492814,-0.001258247,-0.0033103966,0.019745171,0.0022464085,0.008014509,0.006837113,-0.017702606,0.013441236,0.016382063,-0.0033316826,0.0046669077,-0.012958429,-0.01225151,0.01643209,-0.006090839,0.013480064,0.0031063699,-0.0039631273,0.006110656,-0.008042111,-0.0035708619,0.0027614594,0.009774363,-0.0028104472,0.0013130594,-0.015864901,0.018990312,-0.017525101,0.01413984,0.0078102755,-0.013996138,-0.010590356,-0.015876494,-0.010260558,0.014141183,0.019281236,0.004309225,0.0012808108,0.01904894,colorful jewelry
-0.009947133,-0.0025666093,0.0065612746,-0.012828066,-0.019403178,-0.018520467,0.018041395,0.010743387,-0.009576454,-0.016659284,0.0025879026,0.0057561253,-0.0024905682,0.0025417423,-0.008642606,0.009582732,0.0029503703,0.01775565,-0.019953027,-0.010539141,-0.018205684,-0.00069583656,-0.015714612,0.010062482,-0.01279371,-0.011905675,0.010141821,-0.016319538,0.0029104042,-0.014479082,0.019724844,0.017267518,0.0035379052,0.011577007,0.009192431,-0.011983566,0.019513894,-0.019364411,0.016098516,0.0055127596,-0.006110244,-0.0071237255,0.018143907,-0.010881817,0.016373744,-0.012017774,0.016782753,-0.0011109876,0.015885198,-0.0063099433,funky jewelry
0.01195843,0.017608691,0.005087676,0.002635498,0.010078385,0.016005045,0.017136028,0.016985545,0.014105053,0.0160053,0.01719948,-6.618261e-05,-0.002007463,0.0033315825,6.546974e-06,0.0013703537,-0.017201874,-0.019189462,-0.004629352,0.0178564,-0.0072951745,-0.013956387,0.009758766,0.0021382356,0.0037020422,0.007305913,0.007041347,0.011452244,0.0024686002,0.0016889262,0.018090501,0.0055644345,-0.009405711,0.013084373,0.010426624,0.005741134,-0.0062756683,0.0066736722,0.012728596,0.01416208,0.0018823313,-0.017063534,0.00051552296,0.00074084045,0.007885964,-0.01893792,0.019415742,-0.013944554,0.01152288,-0.018859744,cuff bracelets
0.019297056,0.014649658,0.0025233126,-0.006810472,-0.00090131996,0.0008452463,-0.01281841,0.011490316,0.0047428035,0.007555871,-0.0145100355,0.017052582,0.0010165072,-0.00040785313,-0.018143214,0.008097511,0.013526871,0.014710185,-0.01283505,-0.01571212,-0.011047428,-0.0012057949,-0.01667596,-0.016480232,-0.0038351393,0.0022785736,-0.019013096,-0.007465868,0.0012895608,0.0136199305,0.0034699822,-0.0012647653,-0.01496279,-0.013484189,-0.0013888574,0.014935165,0.01088574,-0.0029653811,0.0023446179,-0.019211553,-0.002768991,-0.009252446,0.011618622,-0.004676025,-0.009528131,-0.01895023,-0.0024006295,-0.01439554,-0.0033704352,-0.008139646,elegant and modern jewelry
-0.0047482704,-0.00649667,-0.016312946,-0.0024968218,0.0033818865,-0.008095289,-0.015282905,-0.0071732714,-0.018094268,-0.00151685,0.011766009,-0.005922692,0.0063235164,0.009991436,0.016936855,0.011242831,0.019017093,-0.019293362,-0.01592535,-0.0135163115,-0.014935417,-0.015927237,-0.015576338,-0.0058852527,0.0027923202,-0.0057495786,-0.017632503,0.009971724,0.0018017817,0.009180803,0.014390676,0.015296588,-0.0016092944,0.00731992,-0.010247152,0.0038213634,0.0090765385,0.019773327,-0.006374979,0.005678668,-0.011472699,-0.0044211317,0.016250191,-0.007809315,-0.0023771597,-0.018569948,-0.018953552,0.017765533,-0.011405844,0.010105584,fashionable jewelry
-0.013927214,-0.0049170232,-0.016045874,0.015001056,0.012254831,0.010516939,0.016755715,-0.0013930654,-0.018625457,0.018231332,-0.0098570725,0.01569598,0.011067719,-0.002158153,-0.0153284315,-0.0029196048,0.012507074,-0.013932166,0.0028841924,-0.015903717,0.017442696,-0.005711577,0.018874604,-0.011416149,-0.019435449,-0.017255807,-0.0081496695,0.009419189,-0.00048387767,0.018447025,0.0062184287,0.0074955346,0.0059926985,0.016297298,-0.0047934293,0.014814678,-0.019073427,0.005842173,-0.0013633394,0.0009045148,0.01368602,-0.0056839464,-0.004713559,-0.00020095348,-0.0009953832,-0.0071499227,0.012488966,-0.013117335,0.015784,-0.00018692017,statement necklaces
0.0052176807,0.0064462996,-0.0005633068,0.0034126043,-0.0062813093,0.009512911,0.00048602105,-0.0065611913,-0.017429149,-0.019996159,0.0006255555,-0.01149362,-0.0022193193,-0.008412187,-0.01727765,0.0021241927,0.011822181,-0.00442194,-0.014341634,0.0063068746,-0.000769372,-0.011042285,-0.0022112585,-0.0012793088,-0.006366179,-0.019910155,0.015277188,0.0074520158,-0.005058427,0.014614348,0.0009091806,0.014346304,-0.0030951262,0.014987336,-8.526325e-05,-0.012154723,-0.009431701,0.019256849,0.0011621236,0.002054801,0.016900575,-0.012576809,-0.0035277177,-0.01635784,-0.013349509,-0.017160974,0.007861221,0.0054786922,0.011230826,0.005143516,bold jewelry
0.00422703,0.01147031,-0.004232817,0.006344595,0.016887521,0.00077614305,0.012589166,-0.013487136,0.013151643,0.009378953,0.010160697,-0.01983757,-0.0008588886,0.006412225,-0.011651979,-0.013387575,0.012727811,-0.013647501,-0.010365,0.016243678,-0.014040594,0.017090749,0.0013092447,0.008811414,-0.0060248803,-0.01085547,-0.017895067,-0.0012249469,-0.010204475,-0.0061520697,0.01622291,-0.01529582,-0.0126185585,-0.010527356,-0.013207481,-0.017681247,-0.0022200823,0.018891957,0.016073074,-0.010548193,-0.016275015,-0.0045147897,-0.018533563,-0.010135479,-0.011895614,0.0060502435,-0.015138085,0.0025011706,0.004573803,0.010626631,seashell jewelry
-0.004040792,-0.019543322,0.0104433345,-0.011812988,0.009771512,0.0039495085,0.01763484,0.003062675,-0.0036549259,0.0129775405,-0.014139843,-0.016778126,0.0075783418,-0.0051539014,-0.008367679,-0.0038497567,-0.019750185,0.00052107574,-0.002113309,-0.0059428336,0.00500129,0.00938679,0.012685213,-0.015827494,-0.009977989,-0.01757494,-0.017898072,-0.007460122,-0.002547412,-0.016425267,-0.01075264,-0.0043035485,0.012685375,0.0031372167,0.016629376,-0.016632415,-0.009151749,-0.0016081667,0.017600358,0.0022127032,0.0030799555,0.00258157,0.0058452417,-0.018791892,0.0065088035,0.01092937,0.010572655,0.008879776,-0.016172735,-0.008119554,party jewelry
0.016697822,-0.001146183,-0.018873557,0.009567275,-0.012090275,0.013362987,0.010747557,-0.010091346,0.0051388573,0.010833282,-0.0071706106,-0.0030320669,0.018339142,0.018126419,-0.01878593,0.015134619,0.019776098,-0.0056803394,0.004918692,-0.0056067016,0.01729089,-0.000566566,0.011272617,0.01842579,0.008220494,-0.01424078,-0.0038516594,0.0019560503,0.004068153,0.0059084296,0.018898718,0.008802202,0.0198278,-0.017315406,-0.011508832,0.0039726114,0.0073123453,-0.00198236,-0.013823297,-0.0064233257,-0.017055145,0.018821428,0.007448871,-0.015758837,0.0063739372,0.0083476715,-0.011277969,-0.011825583,0.0020767332,0.017924089,modern jewelry
-0.019292561,1.25813485e-05,-0.013729889,-0.0018644977,0.006082003,-0.010059934,-0.0055520083,0.0013511754,-0.012724442,0.014573157,0.008756845,-0.017117068,-0.0042979433,0.0063290596,-0.016655188,-0.014137826,-0.016907481,-0.010997184,0.017712194,0.014154098,0.005771427,-0.017109139,0.011486466,0.009266835,0.00023795366,-0.017685875,-0.0037674594,0.0003817296,-0.015515885,0.004940319,0.00096753356,-0.014120059,-0.016538817,0.012084382,-0.016700981,-0.01115957,0.01116025,-0.0009727025,-0.0061087296,-0.010388753,-0.0023958946,0.010543435,-0.011892879,-0.009954347,-0.009897246,-0.009512696,-0.015960185,-0.019512929,0.015164332,0.015993502,winter jewelry
0.01884104,-0.0094510745,-0.014524197,0.015369461,0.005035391,0.017252792,-0.008930232,-0.013784807,0.0019698048,-0.002345953,-0.018794129,-0.0032061457,0.006101198,0.013131564,0.013690484,0.006416557,-0.008886545,-0.0036783337,-0.007880516,0.01154783,-0.012717418,0.0042060376,-0.0026904678,-0.011625557,-0.014492423,0.011705125,-0.01671641,-0.0013744998,0.0056548524,0.01547802,-0.014595816,0.0066091465,0.019616995,-0.013954158,-0.007069716,0.010267027,0.010476771,0.003248229,0.01594227,0.001663177,0.003742633,-0.0032104992,-0.016332556,0.0065156077,0.003932729,-0.01746841,-0.0013500142,0.00015334129,-1.1918545e-05,0.017420268,seasonal jewelry
0.0066086627,0.010191655,0.009172971,-0.016877018,-0.0063676788,-0.014473519,0.019362845,0.0100131985,0.00034168243,0.008225956,-0.015312262,-0.012589302,0.0061527872,0.013069277,0.007899749,0.012036044,-0.0039722635,-0.006690259,0.0004143405,-0.0063887215,-0.011033809,-0.015577121,0.013071086,-0.002180674,-0.0037817596,-0.01560955,0.018675147,0.0017362833,0.0035392737,0.004983332,-0.014771986,0.0032776452,0.005953126,-0.01713406,0.009911604,0.004866817,0.0149958255,0.0100885965,-0.006063433,-0.014325874,0.014192427,0.0038030697,0.010398472,0.012762218,0.0038245583,-0.012255223,-1.2593269e-05,0.016536595,-0.012197096,0.018876562,drop earrings
-0.017356802,-0.002893958,0.018958932,-0.015098975,-0.010716197,0.018633125,-0.017947452,0.007651815,0.0013308811,0.0133214025,0.016625507,-0.0057015703,-0.007984626,0.017795835,0.004179292,0.012497883,-0.01889143,0.019180248,-0.0026966166,-0.01210423,0.005985069,-0.00091322185,0.009412985,-0.004566042,-0.008275685,0.0045557977,0.016708767,-0.009991212,0.0053373575,-0.01598111,-0.013546693,-0.00093533756,-0.017535456,0.0055788755,0.0031971908,-0.004639385,0.010007582,0.019497573,0.016908536,-0.0037604498,0.0041163038,-0.008007378,-0.016482811,0.012555911,-0.003898363,-0.0013324093,-0.003542664,-0.0090713315,0.008123419,-0.008540361,charm bracelets
0.0153932925,0.018241284,0.0022710038,-0.016650159,0.016850032,-0.0073924614,0.011484346,0.008783159,0.01937989,-0.018586995,0.01841681,-0.018563056,-0.013815424,-0.01820439,-0.01109422,0.014737792,0.018328955,-0.006650703,0.007446101,-0.007250407,0.015762942,0.011733752,4.172325e-07,-0.0072573493,-0.014448612,0.009537232,0.0029059576,-0.0052263713,0.015675614,-0.008099229,-0.018297972,-0.0045109414,0.00025029422,-0.01327851,-0.010973232,-0.016999554,0.018459747,0.014848056,-0.0005904865,0.014735327,0.015901577,-0.0015671467,0.013224182,0.0075350474,0.010153685,0.014505982,-0.009478779,-0.004371066,0.0017462468,0.008472412,costume jewelry sets
-0.017239375,0.007331476,0.010379767,0.011483877,0.014933837,-0.012335351,0.0022112273,0.012094565,-0.005680101,-0.012347045,-0.000820446,-0.016737897,-0.011200025,0.014209078,0.006705079,0.014451339,0.013600495,0.015061484,-0.0075783087,-0.0011236119,0.004696753,-0.009038065,0.016777463,-0.019716328,0.013529282,0.0058288337,-0.009865663,0.008796375,-0.0034791494,0.013422769,0.0199297,-0.008724887,-0.0011986756,-0.011391275,0.0077016447,0.0055732536,0.013782153,0.012202191,0.019076994,0.018546835,0.015796136,-0.013979008,-0.01831173,-0.0007115054,-0.0061996817,0.015788633,0.011877148,-0.0030913258,0.0030219269,0.0035800815,pendant necklaces
0.015635142,-0.019020373,-0.00041106224,0.006938393,-0.0018779445,0.016763544,0.018021567,0.013073013,-0.001423242,0.015420808,-0.01706867,0.006414213,-0.009275994,-0.01017791,0.0071792365,0.010740679,0.015539029,-0.011533013,0.014866722,0.013250993,-0.0074196006,-0.017491283,0.0108749345,0.0130195115,-0.0015751005,-0.013419712,-0.014171851,-0.0049941204,0.010286507,-0.007330475,-0.01874012,0.0076534795,0.009768958,-0.012857127,0.0024171162,-0.004149754,4.880667e-05,-0.019767018,0.005384009,-0.009500213,0.002175293,-0.0031524491,0.004393346,-0.015763152,-0.005434368,0.0053263973,0.010693364,-0.0047830297,-0.019020189,0.009011758,fashion jewelry for women
0.00018912792,0.0061546396,-0.01362529,-0.0027509308,0.015337162,0.014692819,-0.0073465942,0.0052854037,-0.01663426,0.012410972,-0.009274645,-0.006328213,0.018622713,0.0017467714,0.014981406,-0.012148125,0.010321014,0.019845646,-0.016914783,-0.0102713825,-0.014129674,-0.009725303,-0.0075571276,-0.017072398,0.015911212,-0.009687876,0.016847227,0.010525141,-0.013100052,0.007915743,0.010940299,-0.014853072,-0.014811439,-0.0049504614,-0.01725145,-0.0031631447,-0.0008068657,0.006599369,0.002883761,-0.0017628431,-0.011188116,0.0034607316,-0.0017947436,0.013587382,0.00794718,0.009058943,0.0028686118,-0.005399711,-0.0087336255,-0.0020641494,bangles
0.002874055,-0.0052920175,-0.014147566,-0.015610614,-0.018243574,-0.011870339,-0.003694849,-0.008647743,-0.012921341,-0.0074346447,0.008578317,-0.0074780867,0.01675635,0.003067987,-0.014484639,0.018867597,0.015262425,0.010986564,-0.013697691,0.011645358,0.008018186,0.010370739,0.008511803,0.003879509,-0.006340325,0.01670769,0.01922436,0.007585206,-0.00567399,1.4255047e-05,0.002437637,-0.01691665,-0.01644789,-0.00046203137,0.002474575,-0.011486761,-0.009450547,-0.014692149,0.016657231,0.00024259568,-0.009018797,0.011403411,0.01836003,-0.008199744,0.015929364,0.010750868,0.011758246,0.0010251808,0.016426168,-0.014038081,chic jewelry
-0.016485356,0.01859871,-0.00039532184,-0.003934553,0.009207261,-0.008190632,0.0054862285,0.013879933,0.012130852,-0.015021589,0.0187647,0.009343617,0.007932241,-0.012487011,0.01691996,-0.00430033,0.017650375,-0.010724005,-0.016258838,0.013649118,0.0033423854,-0.004397018,0.019027201,0.01898771,-0.019548094,0.0050104572,0.012313385,0.007744913,0.0040455745,0.0008610034,0.0013472629,-0.0076412726,-0.014280501,-0.0041777445,0.007847795,0.017637366,0.0185183,-0.011951873,-0.018805342,0.019528754,0.0068595693,0.010332234,0.01256469,-0.005608525,0.014645407,0.005660543,0.005742009,-0.00476074,-0.0062564993,-0.0047402834,vintage-inspired jewelry
0.0085528735,0.00015211583,-0.019168558,-0.019331088,-0.012296388,-0.0002571392,0.003994832,0.018863935,0.011168702,-0.0085813925,0.00055663346,0.009928717,0.015396619,-0.0022884465,0.008646841,-0.011628759,-0.0016083813,0.016200101,-0.00472013,-0.01932691,0.011558521,-0.0078596445,-0.0024457455,0.019961035,-0.004512701,-0.009514129,-0.0106587745,0.01396178,-0.011417744,0.004227326,-0.01051132,0.012241428,0.0087146135,0.00521271,-0.002982166,-0.005492127,0.017985873,0.0104315495,-0.004325039,-0.01894062,-0.014852104,-0.0021274828,-0.0015898943,-0.0051258183,0.019365441,-0.0009170413,0.011747522,-0.014895175,-0.0050121476,-0.011099727,dazzling jewelry
-0.01427803,0.0024820613,-0.014353433,-0.004489236,0.007438607,0.011666248,0.0023963666,0.004205463,-0.0082207825,0.0144506665,-0.0126140835,0.009294432,-0.016439946,0.004072936,-0.009954104,-0.008495376,-0.0062179687,0.011310417,0.011596802,-0.009949298,0.0015466618,-0.016991556,0.015619611,0.018514583,-0.005484655,0.0016004466,0.0014933038,0.01095577,-0.017212158,0.0011689115,0.013738845,0.004463189,0.0022493529,-0.01864431,0.016964734,-0.012528255,-0.0059847473,0.006987574,-0.0015452552,0.0028225826,0.0035639834,-0.013657799,-0.019449623,0.01808117,0.012396109,-0.013825855,0.006806965,0.00041212796,0.009507491,-0.014239886,spring jewelry
0.008053908,0.008694869,0.019914739,-0.00894748,-0.0027785278,-0.014634643,-0.019395659,-0.018160515,-0.0020455099,-0.01300658,0.009699456,-0.012328053,0.0050383713,0.0014788818,-0.006784308,-0.0019584466,0.01995825,0.018291773,-0.008923659,0.018166054,-0.011283526,0.011861844,-0.0061944365,0.0068635033,0.006034453,0.013800922,-0.0047477675,0.017550074,0.015178856,-0.019095292,-0.016016418,-0.015275793,0.005846515,-0.0055894447,-0.013859041,-0.016256528,0.01661836,0.0039809775,-0.018656034,-0.009585433,0.006273477,-0.009426412,0.010561686,-0.008466883,0.005283592,-0.016091375,0.012419772,0.009637778,0.0015743852,0.0060268953,stud earrings
-0.017454965,0.004260323,-0.0017470884,-0.018638177,-0.018856285,-0.002821436,0.008864817,0.007408142,-0.012997386,-0.013746135,-0.009998824,-0.0045736884,-0.014500575,-0.019206636,-0.0054872585,-0.016725682,-0.012077752,-0.011341858,-0.004688275,-0.0034139943,-0.017913997,-0.0014703989,0.016305013,0.015380859,-0.014412232,-0.0073336624,0.006237104,-0.019141445,0.0029528784,0.013048933,0.011492839,-0.017526124,-0.009034288,-0.016280321,9.191275e-05,0.018527268,0.011946611,0.010134616,0.010122125,-0.0064858343,0.019104367,-0.014712849,-0.014540775,-0.004530778,-0.0015571213,-0.006432207,-0.0011851717,0.014977646,-0.0013950372,-0.0032498813,beach jewelry
0.0054887985,-0.016718201,0.015711607,0.017072208,-0.019168174,0.0048925327,0.019809943,-0.015331607,-0.013933837,-0.015473034,0.016791847,-0.0013626718,0.018288817,-0.016316442,0.007486169,0.0052700853,0.0014854264,0.004655352,-0.014938188,-0.018716747,0.004709153,0.01229691,0.015971377,0.011471789,-0.0015546727,0.016612329,-0.018672628,0.006812265,0.00053350686,0.0077144885,0.014771567,-0.013450334,0.011168961,-0.01904445,-0.0016089177,-0.017377473,-0.010197346,0.018578453,-0.0037165238,0.0058288528,0.018142559,0.017876266,-0.01641687,-0.0060246275,0.019773211,0.010208862,-0.0031761741,-0.017384043,0.0059230328,-0.013351795,vibrant jewelry
0.016264543,-0.008914668,-0.0021367145,0.0020127296,-0.0003822279,0.0022963549,0.0122277215,-4.054308e-05,-0.0064919307,-0.0030214572,0.011794598,0.0030282044,-0.001448524,0.018666495,-0.009842567,-0.0016768193,0.018350823,0.013498855,0.003005712,-0.017765122,0.002297492,-0.004576511,0.018736474,0.0024198557,0.0029801272,0.00481282,-0.0036720133,-0.009999268,0.000464859,-0.004028361,0.013201866,0.017880246,-0.0013495088,0.0059540295,-0.012215309,0.0033986496,-0.013852465,-0.017388053,-0.011800406,-0.01791295,0.01455519,-0.011544063,0.016552703,-0.0144870905,0.00684335,0.019349998,-0.015570896,-0.019890115,-0.008658293,-0.005366261,fashion brooches
-0.0005425787,-0.017663103,-0.017235115,0.005600421,-0.016412813,-0.018138673,-0.0046809316,-0.017263616,-0.0141133,-0.016802302,-0.0006026578,-0.009128597,0.013254349,0.0030543208,-0.0066829515,0.012217944,-0.01202657,-0.009312339,-0.014415018,-0.00867316,-0.00361866,0.012979286,-0.005540786,0.009837935,0.013808885,-0.014927411,0.0091297,0.012253957,-0.0059089493,0.013250044,0.012251759,-0.01288697,-0.013529103,0.0050779176,-0.0032476378,-0.012130256,0.018998418,-0.010260293,-0.013108194,-0.00023977041,-0.005402856,0.0008888006,-0.0070749163,-0.0008386612,-0.0014172315,0.0016456413,0.016389634,-0.0114734145,-0.003319056,0.011143215,gemstone jewelry
-0.016315835,0.008991596,-0.008274152,0.0016490722,0.01699724,-0.008924353,0.009035001,-0.01357392,-0.0070969774,0.018797016,-0.0031553053,0.00064274314,-0.00828126,-0.015365376,-0.0030160164,0.0049395896,-0.0017760539,0.011067323,-0.005485954,0.0045201303,0.010911589,0.016691906,-0.0029074813,-0.018416286,0.008741105,0.0011435699,0.014883816,-0.0016265655,-0.0052768276,-0.017506018,-0.0017131137,0.005653126,0.010802858,0.0141053125,-0.011406243,0.0037176395,0.012177727,-0.009596102,-0.006214521,0.013595259,0.0032629513,0.00037983418,0.0069472743,0.00043555498,0.019237652,0.010121208,-0.01783478,-0.014083121,0.0018029117,0.012785068,toe rings
0.01633624,-0.008886065,0.017970867,0.01650733,-0.008870444,0.0006062102,0.008548982,-0.00785264,-0.011119931,-0.013024645,-0.0013414765,-0.00059184316,0.00892617,-0.004948108,-0.00034521817,0.0049237516,0.009735198,-6.16169e-05,-0.012678819,-0.018521614,5.331516e-05,0.0133237885,0.0029320454,-0.017933045,-0.01587721,0.013103805,-0.007571361,0.012509985,-0.013362064,0.016959324,-0.013032649,0.00657604,-0.0021139716,-0.013575056,-0.0065751933,-0.002322824,-0.01094188,-0.002422695,-0.015126627,0.005293319,0.018140297,-0.0047545005,-0.0019530201,0.007027123,0.017330175,-0.011843706,-0.013775156,-0.0058659697,0.018295392,0.0017325353,religious jewelry
-0.019157093,0.01788623,0.0083301375,0.01846947,0.013287005,0.0058494736,0.01960804,-0.008849282,-0.013606622,0.0084547615,0.007458,-0.011329222,0.01940952,-0.0071166134,0.019098813,0.0016694522,-0.012676913,-0.003954234,-0.014754109,-0.005959046,0.0020833944,0.018965375,0.018711695,-0.013191755,0.006950302,0.004551141,-0.0049787043,-0.018458344,0.0020542527,-0.016331412,0.012640378,-0.011600161,0.011070878,0.019667447,-0.00032000066,0.009056985,-0.0036188005,0.014721522,0.007880194,-0.018020649,-0.004797008,0.007257538,-0.00019913673,-0.0024025417,-0.002110877,-0.003343203,0.0012099051,0.008330191,-0.008505583,-0.0076672435,edwardian jewelry
-0.000105633735,0.00053871155,-0.00033761264,-0.009571013,0.008626805,-0.004343839,0.0042070793,0.001333046,0.011939354,-0.013684762,-0.01363142,-0.008952515,0.018871658,-0.0031837653,-0.018858485,-0.0010900832,-0.008897846,0.0120001575,-0.019167371,0.005718002,-0.018505665,0.0024996018,0.011998396,0.014794695,-0.015242927,-0.012106047,-0.013676882,-0.01583668,-0.018998161,-0.004250994,-0.001671865,-0.014512403,0.013574073,0.0022392392,0.0116577335,0.002945733,0.0015787316,-0.014736259,-0.004353316,0.0086421585,-0.010170629,0.002261579,0.005766728,-0.003072722,0.01986459,0.01669927,0.004831333,0.014236491,0.011782875,-0.011161234,trendy jewelry
-0.0103124855,-0.013336675,-0.01555367,0.016621456,-0.003964684,-0.013709927,-0.008308778,0.0102882525,-0.005738273,-0.0074993204,0.0032428503,-0.0055525876,-0.0031687212,0.0021489835,-0.0059558894,0.017038565,0.00782187,-0.019917727,0.012519199,-0.013508508,0.0015388656,0.008808469,-0.01020675,-0.0042213392,0.016190957,-0.008487585,-0.015272522,0.018515825,-0.004310994,-0.009438865,0.0171416,0.008566678,0.008649673,0.018569026,-0.01690616,0.01051064,0.004078703,0.00837656,0.0033958005,0.008928268,0.008972581,0.012209044,-0.006404195,-0.009151456,-0.00085303304,0.0050674677,-0.006526334,0.012115436,0.008308261,0.015529185,art deco jewelry
0.005138545,0.016233366,-0.0027744197,0.016155856,0.007434032,-0.01609465,-0.007867229,-0.004943757,0.009786088,-0.001744318,-0.005661817,0.015667414,0.0186458,-0.0032298565,-0.010318499,-0.0094035175,-0.009692102,-0.019205652,0.0027440405,-0.008449831,0.0050534178,0.0112289665,-0.008131811,-0.019193163,0.0030933951,-0.0134002445,0.0049903486,-0.007561264,0.014156843,0.0012804413,0.0071218777,-0.0054782676,-0.0034210945,0.015305586,0.0028153562,-0.0117008975,-0.015668994,0.0024653745,0.012909262,0.011112699,-0.0179541,0.017184328,0.008093956,0.01493921,0.019492669,-0.01457916,-0.018079925,0.011672001,0.018782426,0.0070138504,handmade jewelry
0.014177594,-0.00313586,0.015894998,-0.018977318,-0.016058998,-0.013280742,-0.008006909,0.009978432,-0.0076271174,-0.01663981,0.016823554,-0.007494004,0.017217392,-0.009791503,0.007837188,0.009844034,0.0047852183,-0.0056376075,0.005698249,-0.016512472,-0.0055310796,-0.0051823165,0.014498012,-0.006926806,-0.013199406,0.008680854,-0.0009489703,-0.0071951128,0.013764944,0.0077446247,-0.0078004026,0.001543777,0.018287005,0.015509312,0.012723744,0.009334605,0.0047689797,-0.0036832523,-0.012742586,-0.000603621,-0.0031307768,-0.0011445713,-0.012525742,0.014868095,-0.013182986,-0.014478555,-0.0055142925,-0.0030308007,-0.015271435,0.001396482,art nouveau jewelry
-0.010652223,-0.0025510883,-0.0147302225,0.0039211367,0.006546397,-4.6277048e-05,-0.010896716,-0.0034521723,0.014169834,0.0074725174,-0.017762098,-0.0068271016,0.0047082044,0.0042760395,-0.018928016,0.009142332,-0.017313994,-0.014774136,0.006966224,-0.006941917,0.007128942,0.017788181,-0.007148645,0.01864085,0.0034220768,0.019695548,0.011410086,-0.018298967,-0.0066554616,0.01306035,0.011205559,0.01741103,0.013852205,0.016077776,-0.019646017,0.008597651,-0.010060153,0.007024772,0.012113376,0.008784263,0.015024719,0.0029954314,-0.0025298833,0.011536801,-0.011279135,7.718325e-05,0.018913174,-0.0109625,0.0076285577,-0.016226042,everyday jewelry
0.019540586,0.016330227,0.0025619436,0.0101951575,0.0028162575,-0.012910323,-0.002856102,0.012898331,-0.009234612,-0.007986131,0.009848809,0.005426197,-0.0036959506,-0.005753887,0.012021463,-0.0114334775,-0.0064734053,-0.01297565,-0.008469265,-0.01716199,-0.008939578,-0.017022459,0.0028075553,-0.017236393,-0.019833311,-0.01640325,-0.013545332,0.01336117,0.007569113,0.0007123327,-0.0059159636,-0.014856641,0.0010668373,0.0009997844,0.00039123773,0.0017051911,0.0015726615,-0.0001363206,-0.016014108,-0.011740547,-0.016765824,-0.002624085,0.003641274,0.014834256,-0.003926854,-0.0046505835,0.01897431,0.00015940904,-0.0048090434,0.017209694,boho jewelry
0.0053740074,-0.0106879445,0.013176212,0.009020307,-0.014108934,-0.000646348,0.001668973,0.011494715,-0.003435309,-0.00561306,0.0034968616,0.001694343,0.0023856545,-0.0052685644,-0.011971569,0.014645968,0.015174751,0.016592715,-0.017197695,0.005272851,-0.007119925,0.019240808,0.0058075357,0.009282227,0.0047712303,0.013216956,-0.011486581,0.015788825,-0.004821844,-0.009123771,-0.0041219806,0.019467115,-0.013713181,-0.00438344,0.014001999,-0.00011149883,-0.012589934,-0.0127870515,0.01788079,0.012859152,0.009547186,-0.0065240953,-0.01853524,0.0075737764,0.014321101,-0.011265779,-0.015730025,-0.00594548,-0.009863797,-0.0046302225,nature-inspired jewelry
-0.0038884329,-0.010535043,0.018894227,-0.018597465,0.009007895,0.010808356,-0.0028185248,0.018014185,0.01977072,-0.010950086,-0.012042,-0.013493946,-0.015789764,-0.0060958336,-0.011188054,-0.01668936,0.0015658045,0.005989313,0.012829487,-0.0052579,-0.008906953,0.0024991417,0.0007829237,0.016233997,0.00036560057,0.014463172,-0.016529031,0.016867073,-0.0037778188,0.017402308,-0.015233674,0.0035927724,0.0021129728,9.20105e-05,-0.010206507,-0.018495396,-0.014528435,-0.015902348,0.003827455,0.0009569335,-0.003626275,0.014240332,-0.004951384,-0.0026946187,-0.017801128,-0.019850826,0.017898796,-0.011507876,-0.012745995,0.010398814,fall jewelry
0.013339987,-0.013663283,0.0019195199,-0.012016947,0.0032946873,-0.0085785575,-0.0068815947,0.004371333,0.017323155,0.013456221,-0.019354114,-0.011244209,0.015760666,0.003978715,-0.008512104,0.0011976243,0.019041922,-0.0022054338,-0.018849276,0.0032168198,0.01246471,0.01256474,0.0081833005,-0.011300478,-0.00074138644,-0.00011063576,0.009143591,-0.016083179,-0.016036619,0.0005295014,-0.017216599,0.011640313,-0.00083562377,0.019942354,-0.010687955,-0.0009722781,0.015513547,-0.0081358645,-0.010031801,0.0031801416,0.0053013875,-0.005129919,0.012895057,-0.015319905,0.0067871213,0.0009799409,0.017464366,0.011965428,0.013630724,0.015645089,unique jewelry
-0.01900024,0.019124446,-0.015541511,-0.0052910163,-0.009812818,-0.009933393,-0.016047182,-0.0155671695,-0.009106424,-0.0025507235,-0.010205977,0.012281084,-0.019033238,-0.010614209,0.018874304,0.013982658,0.015351632,0.008469479,0.0010141849,-0.011962287,0.012037554,0.0052700615,0.015398867,0.012787686,0.01588514,0.017314814,-0.01979151,-0.01351141,0.0026751494,0.012880607,0.014747632,0.011033962,0.015323251,-0.010251136,0.013168819,-0.008216746,-0.018110685,0.01828336,0.0026628089,-0.005519359,-0.004955685,-0.008440957,0.009624674,0.008800444,-0.0053067254,-0.014683762,-0.0071317027,-0.0006732297,0.012191785,-0.005674677,vintage jewelry
-0.00024178982,0.0017594529,-0.014191299,0.0041300035,-0.0028648472,0.0056042983,0.0096844435,-0.0027040385,-0.005560286,0.015477295,0.010091198,0.013427043,0.009031286,0.01733431,0.014949939,-0.002163775,0.017495276,0.009203437,0.010881267,-0.0027721692,-0.004082637,-0.008848691,-0.017030394,0.0060754563,0.017766384,0.017839484,-0.003884709,0.012172315,0.007559447,-0.008591931,0.004085848,-0.010875771,0.016417785,0.010865817,0.0063688685,0.008205137,0.0173143,0.01454407,-0.0016669465,-0.014145536,0.016760945,0.014467168,0.0034609437,-0.0026949835,-0.011780184,-0.009066181,0.017295932,-0.0062702154,-0.012677639,0.019740155,midi rings
-0.008568635,-0.018656123,-0.0037450313,-0.007416544,0.01819722,0.005880284,-0.0119562885,-0.006716571,-0.019804966,0.0038882422,-0.007976737,-0.0054174066,0.010352981,0.0151980445,0.008767652,-0.013640833,0.013397284,-0.019263584,-0.013974576,-0.016012002,-0.0045258617,0.00095968007,-0.007544565,0.003690746,0.01841437,0.013356111,-0.0021096491,0.01818592,0.003113792,-0.003947823,-0.0131899,0.012947805,-0.018139206,-0.003793211,0.015384796,-0.0051737214,0.003212385,-0.01469223,0.009956162,0.014746134,-0.018617079,-0.00655571,0.015785478,0.0058676433,2.9084682e-05,0.00068661687,-0.019730857,0.0198735,-0.004002681,-0.009774642,elegant jewelry
0.005498481,0.0020599437,-0.0118631795,0.011585288,-0.005006931,-0.012356761,0.014471419,0.01292695,0.017640565,0.0023267888,0.0010200024,-0.015859239,0.009297767,0.01872227,-0.0013592792,-0.003525939,-0.0076263356,-0.0009837532,-0.015234871,0.011378491,0.0029817724,0.018585492,-0.012848808,-0.010178461,-0.012469301,-0.014553382,0.005513134,0.009789236,0.0026839399,0.0070814993,-0.01877655,-0.0021391797,-0.015485773,0.005904274,-0.0053722714,0.017765999,-0.0068686795,0.0136764385,0.00822974,0.0027287866,-8.092404e-05,0.016345069,0.004723475,0.016516456,0.0066707707,0.010846224,0.010203826,-0.015257563,-0.011577201,0.0024683548,dangle earrings
0.0003886175,0.004290674,0.0021312856,0.01517339,-0.008843388,0.0006491947,0.014013071,0.0045035887,0.008485501,0.008606556,-0.0025312924,-0.01664515,0.006088512,-0.017746285,-0.0053217197,-0.018784089,-0.0009240317,-0.015726583,0.014827953,-0.009780636,0.019836599,-0.01806453,-0.008624351,0.0038578534,-0.005994861,0.0028915668,-0.0073616887,-0.001788342,-0.011454732,-0.019642027,0.012678397,0.0007673097,0.013019033,-0.0149452565,0.007327101,-0.019795774,0.015221463,0.011849093,-0.01223496,0.01642612,-0.011160094,-0.017107198,0.0030005716,0.0063599255,-0.016193202,-0.017868526,0.018342646,0.0032875491,0.0017486524,0.0049564647,brooches
-0.00022033691,-0.0076016975,0.00093765976,0.0020110654,-0.018817943,-0.009779768,-0.015421719,0.007614186,-0.0017697978,-0.014967168,0.011271312,0.0004754758,0.0053957724,0.010861683,-0.008460567,0.015689887,-0.015715405,-0.006885922,-0.014733024,0.0019480515,-0.0147805475,0.01812538,0.011068544,-0.01446218,0.012348849,0.013208565,-0.014830571,0.009309581,-0.015442996,0.018641341,0.00938082,-0.00045810224,-0.017883515,-0.0017892504,-0.00054199935,0.0018133998,0.01732453,-0.0055523324,-0.017364034,-0.01766748,-0.0021150946,0.0027437306,0.00017446995,-0.004405875,0.017095132,0.00021286726,0.012837343,0.007982057,-0.014406376,-0.0042472742,body jewelry
-0.012310789,0.009336784,-0.01814185,0.010161192,0.012703666,0.012241773,-0.015261445,0.005665722,-0.010905836,0.018094214,-0.0086253835,-0.004702339,0.010442369,-0.0016467858,0.010185521,-0.0084399795,0.009962209,-0.019590035,0.012149873,-0.0024867726,-0.01121408,-4.0426254e-05,-0.0024471951,-0.0014440083,-0.0035235167,-0.018546393,-0.015606391,-0.013600278,-0.017256347,-0.009073963,0.01837619,-0.0036242558,-0.015193663,-0.011787748,0.0072104908,-0.005433509,-0.0031175327,-0.008507741,0.011923807,-0.01566421,-0.014995587,0.015051585,-0.013921108,0.004313514,0.00073991535,0.019335354,0.008481342,0.004134214,0.00551105,0.0046069766,tassel earrings
0.0043997047,-0.005444286,0.008182373,0.012200427,0.017875008,-0.0014968776,-0.0024444414,0.012933829,-0.016929837,-0.0013124872,-0.01334649,0.009566614,-0.017894482,0.0064996076,0.018009476,-0.0041349865,-0.017659988,-0.01635727,0.0064921333,-0.0106923655,0.012895315,-0.0023777413,0.015707346,-0.0010061407,-0.012433181,-0.011402946,0.0015379238,-0.009555237,0.013122883,-0.0070373346,-0.011253586,0.0019068336,-0.0097390935,-0.016423559,-0.010495722,-0.0037234284,0.00087181566,0.0072768903,0.013737786,0.013455932,0.011722719,0.0006405783,-0.011642988,0.017999174,-0.0013055825,0.009420073,-0.0028488399,0.011596339,0.010606067,-0.014594546,victorian jewelry
-0.005485258,0.00021786451,0.0040691136,-0.018579366,0.009678297,0.006744237,-0.00034785987,-0.0069946647,-0.0152093265,0.01519211,-0.01720637,-0.014768388,0.008903315,-0.01702286,-0.006568291,-0.004181113,-0.0038055587,-0.01367058,0.008593052,0.0019977235,0.0073131826,-0.0026566554,0.013870044,-0.019067174,0.011692434,-0.010262882,0.0034065652,-0.013882119,-0.004962449,-0.012857692,-0.006701982,0.01945906,0.0053794337,0.003210678,-0.012167661,0.011145947,-0.016257234,-0.004586947,-0.012936821,-0.0127645135,0.0045940494,-0.006573422,0.0048601604,0.007832877,-0.01254003,-0.0034898065,-0.005524986,-0.019592624,-0.01967719,0.0022200178,multi-strand necklaces
0.008761745,0.0004649806,-0.009743991,0.0072555686,0.0033772516,-0.018883219,0.0143768815,0.015546305,-0.015463123,-0.0015289712,0.012062623,-0.0055609276,-0.0006742406,-0.008439677,0.012229259,0.013991115,0.0041724946,-0.009399113,-0.0036602234,-0.007997575,-0.019533874,0.015621984,-0.0012244296,-0.0012081242,0.014169224,-0.018072449,0.012652747,-0.015130882,-0.010716412,0.010151186,-0.0069892406,-0.006973982,-0.012616179,-0.0078197885,-0.005321171,-0.008189959,0.018907983,0.018908834,-0.000763154,-0.0005687809,-0.011283641,0.015835173,-0.009889088,0.011780858,0.01822591,0.011509337,-0.0018962979,0.011081714,0.013890016,-0.007761574,wedding jewelry
0.0013373947,0.012977567,0.011740015,-0.00035475253,0.0047601988,-0.013027742,-0.01872071,-0.009895234,-0.010775778,0.0011740518,-0.007936466,-0.0007391763,0.015269105,0.019471373,0.015751762,0.0047784355,-0.005426662,0.0048634387,-0.005379834,-0.01790029,0.013786082,-0.01729708,0.007575359,-0.007912469,-0.011086116,-0.0020871616,-0.013125961,0.017168218,-0.013755867,-0.017921092,0.011532516,0.008928015,0.009462912,0.004853883,-0.0074510146,-0.010234602,0.0035443092,0.01669313,-0.011304553,-0.004764886,0.0036967206,0.0134443855,-0.012794795,-0.009055507,-0.00527714,0.002669661,0.010742557,0.011098745,-0.017419007,0.014545219,office jewelry
-0.005004449,-0.005685279,-0.017717112,-0.011550164,0.018897213,0.0061750603,-0.016085533,0.0056148027,-0.014145518,-0.01811577,0.007731569,0.004073937,0.0025092983,0.017692652,0.012521403,-0.010141261,0.0054556583,0.0050902055,0.0047956514,0.016666112,-0.013826833,-0.004598863,0.0020178985,0.012755513,-0.0012974668,0.015856238,-0.009303832,-0.018062798,-0.014108198,-0.00827539,0.019166598,-0.010254531,-0.009696722,0.016346965,-0.01491237,0.0040195202,0.011432087,-0.015060673,-0.0005259538,-0.0047363783,0.011131246,-0.009120906,-0.013209577,0.019783478,-0.009246297,0.015208526,-0.016909525,0.0140346885,-0.0067795347,-0.01562972,jewelry sets
-0.002341969,-0.004740806,-0.0036371113,-0.0023547101,-0.013034222,-0.0070897723,-0.006394675,0.015444589,0.0117338225,-0.0017885041,-0.009633127,0.01058461,-0.01767527,0.0032989788,0.008022003,-0.00389539,-0.00904865,-0.016455388,-0.016574828,0.014254763,0.0072742035,-0.0007728362,0.01942149,-0.017088272,0.001178546,-0.0008885932,-0.016140932,-0.018199675,0.014377525,-0.007265787,-0.015802093,0.015905356,-0.012508554,-0.0062437127,0.0035512424,-0.006702826,-0.015929434,-0.007842536,-0.018028243,0.002795515,-0.009257402,-4.016638e-05,0.0054482985,-0.004746139,0.017636335,0.014085088,-0.0011017775,-0.00127002,0.0017006946,0.01350066,exquisite jewelry
0.017896771,-0.003855996,-0.0031851102,-0.0059439302,0.0010060907,-0.012949953,-0.003734951,-0.017296193,0.0013160801,0.0028684093,0.0074556973,-0.0057479166,0.011861141,-0.014155683,0.019633405,0.0010661983,0.004591031,0.008712475,0.0008387232,0.0051913834,0.0032292937,-0.01923391,-0.0062948894,-0.005189152,-0.018525641,0.006870642,0.009599595,-0.004163034,0.014835246,-0.0024216366,-0.0005573297,0.011564872,-0.016946513,-0.013821709,0.014702423,-0.013164664,0.01693589,0.0106999995,-0.016092626,0.016802218,0.012636471,-0.013429611,-0.016925454,-0.017669315,0.0076624323,0.0126736,-0.0042694425,0.0026826716,-0.016787237,-0.01023875,layered earrings
0.009408474,-0.018127695,-0.018474417,0.0020162344,-0.01716978,-0.013875804,0.00950618,0.016011111,-0.014718358,0.016212208,0.018758731,0.009423797,-0.008814528,0.019340497,-0.0154544525,-0.0077815247,0.0038679815,-0.01526303,-0.019747447,0.0057281945,0.016362181,-0.010226794,-0.008581996,0.007818716,0.0013852406,-0.017069938,0.013107491,-0.0063032676,0.0071661305,0.006305325,0.017755795,0.017477246,0.014622879,-0.016575152,0.0024175239,-0.0019283318,0.0017542529,0.017846797,0.009539288,-0.017848885,0.019623637,-0.0017823887,0.0007969952,0.009912326,-0.0124299005,-0.0008096862,0.0027515292,0.014102509,0.008561891,-0.0038781024,affordable statement jewelry
-0.016934829,-0.007757919,0.017558113,-0.018982276,0.019693727,-0.00030753613,-0.002260816,0.019208472,0.01914519,0.016542785,0.017998178,-0.019969273,0.015009596,-0.018724833,-0.0154251885,-0.017656242,0.004315169,0.014364374,-0.012610092,-0.0054286076,-0.004715195,-0.008955534,-0.0026240277,0.009712012,0.007425308,-0.006480417,-0.0074251033,-0.0046803188,-0.0064570047,0.007905078,0.019484809,0.015708117,-0.015119326,-0.012897439,-0.018263867,-0.011860206,0.0072705937,-0.012038526,0.0033906603,0.017773086,0.0066719293,0.0023817683,0.01784556,0.012826664,-0.0028790093,-0.012422247,-0.0021130801,0.014551594,0.014961064,-0.008065977,crystal jewelry
0.019881124,0.0048037646,0.0102562,-0.011337931,0.008758063,0.00051341054,-0.019179052,0.010136018,-0.018018773,-0.012938729,0.0055736755,0.018565603,-0.0042398334,0.013957889,0.010136132,0.008136468,-0.012387319,0.010149581,-0.016615774,-0.008633845,0.01089489,-0.016293602,0.011459294,-0.006985109,5.3286552e-05,-0.014697757,-0.012486314,-0.006621969,0.017206347,0.010693474,-0.01939486,-0.013146197,0.006859293,-0.017034307,0.013309455,0.012309401,-0.018608425,0.017301159,0.015682835,-0.003586209,0.0035636807,-0.0113908695,0.012436173,0.015404012,0.008092497,-0.017723009,0.009891296,-0.0061211823,-0.0044142366,0.012210719,concert jewelry
0.003690598,0.009254243,-0.012556124,0.01047702,-0.0070782327,-0.0007672143,0.012443652,0.008153994,0.014943629,-0.007834904,0.007096441,0.014617648,-0.0065728594,0.011517479,-0.018825378,0.0176852,0.007506726,0.01062227,0.009296818,0.009133909,-0.0066183805,-0.0124205975,-0.004565067,0.0027707173,-0.00588367,-0.01696905,-0.012577884,0.0166831,0.018683488,0.011921733,-0.008206601,0.0013895369,-0.017152414,0.01331405,0.000935638,0.014753177,-0.010746155,-0.0056943535,0.00571794,0.0069196178,-0.013090212,-0.014732521,0.004063692,-0.01802124,0.011577074,0.010938854,-0.007635889,-0.011282222,-0.016653204,-0.003793261,animal jewelry
0.013958187,-0.00041902304,-0.01589402,0.01778119,-0.01710327,0.011119778,0.012935701,0.0019515586,-0.017385123,0.012350643,-0.015695741,-0.010035536,0.019249575,-0.016564284,-0.015257106,-0.009801116,0.006926384,0.0038288403,-0.011117034,-0.0065527917,0.017167106,0.019535199,0.01982943,0.0020909882,0.008076,0.0027317072,0.0033454658,0.009676764,0.0044080783,0.000601089,-0.0062976694,-0.013049483,0.015978985,-0.011943924,0.005566704,-0.0018508339,-0.007297745,-0.009882786,0.0064404393,-0.011715241,-0.014989588,-0.005288205,0.009378757,0.012088196,-0.0029133463,0.01459723,-0.015186541,-0.009465546,-0.01572175,-0.012094218,handcrafted jewelry
0.014601639,-0.018561412,-0.017303912,-0.019629078,0.018405624,-0.0053301645,0.0019946932,-0.012255025,-0.0050685643,0.00014513254,-0.005000484,-0.014743209,-0.012385883,0.005070357,-0.018988675,0.0022925376,-0.003976712,0.016556539,-0.0007956052,0.012427735,-0.014173668,-0.01513542,0.011092519,0.0018795204,-0.0101806475,-0.0053195786,0.017542304,-0.018354865,-0.0073530246,0.002004962,-0.00043216944,0.019027228,-0.0038766693,-0.01419066,-0.015357478,-0.019801073,-0.015647298,-0.012065721,-0.011893995,-0.0028103685,-0.0010823417,-0.009430583,0.0042818333,0.007731745,0.018060377,-0.009309506,0.010257047,0.014507885,-0.007513738,-0.014869363,renaissance jewelry
-0.0066774013,-0.01378395,0.012990823,0.01877509,0.016545758,-0.017068343,0.010095541,0.010199993,0.011257525,-0.01664929,3.5037996e-05,-0.013650396,-0.01783273,0.004988377,0.019860419,0.012993455,-0.014134829,0.004673436,-0.0078070713,0.01985252,-0.017603388,0.019450603,-0.013035398,-0.014012699,0.0032530474,-0.0013454366,-0.01702824,-0.0012249803,-0.0007166386,-0.012534323,0.0114937,0.0063489582,0.016800866,0.014796917,-0.013282768,0.009572587,0.011387451,0.01155648,0.01041223,-0.009564187,0.00863203,0.0026359058,0.00013971329,-0.012912321,0.0030463696,0.010529666,-0.018422145,0.017214227,0.0059856055,-7.9696176e-05,festival jewelry
-0.006727629,0.0007200551,0.012168536,0.0095453765,-0.011904175,0.015747368,-0.0012767458,-0.016318653,0.017737594,0.010142119,0.007254307,0.015819065,-0.015056572,-0.011661708,-0.004011326,-0.008196704,-0.0032040214,-0.0011762906,-0.01677009,0.0038017894,0.0051171468,-0.0016827917,0.009738512,0.0029302048,0.011975041,-0.0044725416,0.017048733,-0.003129809,0.0061556506,-0.0075739836,0.012259155,0.006154473,0.0010891366,0.017513592,-0.015674913,0.019429646,0.001562612,-0.004708829,-0.008254953,-0.01820865,-0.004441414,0.0053781606,0.01315664,0.018140621,-0.017497199,0.01811377,-0.017680043,0.007465546,0.016055014,-0.005017147,threader earrings
-0.015711047,-0.016671197,0.0023064064,-0.0015236806,-0.019022781,0.006200571,0.0045109224,0.00890498,0.008857961,0.006467364,-0.019633071,0.011468571,0.0085249115,-0.015492904,-0.004242959,0.0007084036,-0.0012827038,-0.0019334841,-0.01108217,4.583359e-05,0.0088409735,-0.0013616228,0.0016006065,0.0041871406,-0.007949467,-0.015735712,0.018336188,-0.019574104,-0.004954338,-0.0025325846,-0.015341763,0.0035428451,0.015887044,-0.0030327868,0.016210284,0.00058914186,-0.011544483,-0.003964467,-0.0014518643,0.012510185,0.0142415,0.012406413,-0.0119874645,-0.013957586,0.012185049,0.0049517513,0.010685244,0.00092930556,0.015733061,-0.017759146,statement jewelry
0.019744208,-0.016477041,-0.0034120274,0.012563979,-0.018462593,0.008636704,-0.013954506,-0.013687198,0.0046077278,0.0034720444,-0.0055764103,0.015743427,-0.014034054,0.0009281468,0.017463341,0.004050164,-0.013704853,0.0070792628,-0.010060119,0.0011792135,0.005718863,0.015172231,0.014764202,-0.009788039,0.01904031,-0.010973036,0.015252521,-0.015965257,-0.015642518,-0.0022237492,-0.016285859,-0.0069352556,-0.0010285878,-7.5769426e-06,-0.019923097,-0.013013913,-0.014835301,-0.0007754207,0.0103774,-0.00015589953,0.019920401,-0.007773368,0.016118303,0.012172303,0.016524015,0.00021291971,-0.00085978984,0.003784349,-0.019851215,0.018089624,birthstone jewelry
-0.004776113,0.015078194,0.0040834784,0.005798924,-0.0024856043,-0.019787857,0.0027980208,0.005771692,-0.019610422,-0.007803078,-0.0046966244,-0.010119429,0.007918529,0.0042103506,0.008671968,-0.012955175,-0.012005754,0.009437683,0.0135581065,0.011054025,0.00959356,-0.014486687,0.016326055,-0.0139213465,-0.015336342,0.017011402,-0.0049418854,-0.018778183,-0.006167693,0.011924746,-0.005786662,0.009876604,0.00020232439,0.008131513,0.002369907,-0.018647907,-0.007299936,0.017673135,0.0030803443,-0.011781266,0.014028638,0.01491231,0.0144899655,2.9582978e-05,-0.018292274,-0.006974163,0.010271866,-0.013006635,0.01948734,-0.019540932,ear cuffs
-0.016257804,-0.010628376,0.012036054,-0.015349608,0.017274922,-0.01973375,0.006988397,0.0065920544,0.00010881186,0.01908679,0.010221167,0.0005766082,0.009637113,0.012816724,0.0060135033,0.018815503,-0.0026776576,-0.016770136,-0.008952084,-0.0029827238,-0.014536269,-0.0031284643,0.015869267,-0.01004925,0.010201013,0.008702573,-0.0013979101,0.0021501111,0.011449638,-0.013283022,0.007793925,0.017831307,-0.0070275785,-0.015228658,-0.018403402,-0.018012678,0.007741301,0.010233376,0.014078443,-0.002905209,0.0019369412,0.0061039566,-0.019756578,-0.01882688,0.009179072,-0.016799282,-0.0063553476,-0.008620334,0.011828994,-0.006891377,hoop earrings
0.01996443,0.0011124993,-0.010294955,-0.0072745397,0.002515664,-0.01073682,0.0147885345,0.01804713,0.008585418,-0.0146920895,-0.011892221,0.000101110934,-0.0020373273,-0.011053283,0.015871592,0.012474346,-0.00836766,0.004764695,0.0102625415,0.0048198295,0.017137669,-0.0025823736,-0.013053989,-0.0016683841,-0.016645426,0.019687405,-0.017233541,-0.0030068923,-0.005699332,0.0062986873,0.009941726,-0.016473146,-0.00881649,0.000983336,0.007998853,0.010232861,-0.0027697205,-0.001246028,-0.015651882,0.009092675,-0.015298882,0.006570425,-0.0068558883,-0.0156044075,0.013767641,-0.000914731,-0.019090535,-0.018751945,0.0011822463,-0.016362285,zodiac jewelry
0.0074766492,0.006929078,0.006706195,-0.011205273,0.01596701,-0.017974405,0.014913767,-0.0012640118,-0.002946396,0.007928498,-0.004977019,-0.008792384,-0.004834113,-0.01237598,-0.0007040238,-0.010768097,0.009208684,-0.019076442,-0.008703267,-0.018330421,-0.019234259,-0.0015027284,-0.016167454,-0.011384082,0.005551796,-0.0028808045,0.006209376,0.016530298,-0.01926056,0.0121695325,-0.015892318,0.013069093,0.01493685,0.017160943,-0.01590298,0.006679077,-0.015684454,-0.00249182,-0.010440536,-0.01706657,0.009868124,0.008868253,-0.008115701,-0.01555284,0.0071128653,-0.007864535,-0.017737987,-0.008775656,-0.004344065,0.017514143,affordable luxury jewelry
-0.012912929,0.0146647785,0.012245829,-0.009816272,-0.003517704,-0.005009799,0.006245289,-0.00090606214,-0.0055272174,-0.018091287,0.012868863,-0.019230781,-0.017300889,0.0027639556,0.0059468653,9.484291e-06,0.00074020145,0.0051785447,0.0036051415,0.015136626,-0.006892786,-0.014466779,-0.01576836,0.015839228,0.0038925456,-0.011615712,0.012782386,0.016907157,0.015893212,-0.013655961,-0.010282879,-0.0040206765,-0.013235343,0.009457648,0.011328876,-0.011991842,0.014398512,-0.01531311,0.012405805,-0.009250658,0.003922913,-0.0065426733,0.0067793224,0.015436943,-0.0027890063,-0.009970374,-0.0171233,0.0072749043,0.008462036,0.013394449,luxury jewelry
-0.008579526,-0.019465977,0.013643034,-0.009049487,0.008839543,0.016109066,-0.007885627,0.0032683492,-0.007178309,-0.0132274935,-0.011368678,-0.00027318002,-0.015026551,-0.003991611,-0.004975834,0.013416879,0.0027274895,0.011704393,0.0076386402,-0.0070328834,-0.010182946,0.019322585,0.014140792,-0.018088462,0.010491567,0.016386067,0.0183846,-0.01610932,-0.0040263487,0.0021709967,0.0058167507,-0.003243916,-0.009409852,0.012936835,0.013865156,-0.0007797551,-0.011686282,-0.008743525,-0.010297749,0.0085125975,0.0010274792,-0.004719324,-0.018169813,-0.0029929162,0.012862692,0.012649994,0.008447085,-0.0057517956,0.01810322,0.0012019515,pearl jewelry
0.0022694468,0.012349722,-0.013186982,0.013068397,0.019588633,0.0073455237,0.0068648793,0.008393092,-0.0038929582,-0.016192554,0.0029601883,0.0018092132,-0.013594594,0.0039187837,0.010887804,-0.014355824,0.0050239586,0.015533545,-0.017242437,0.0070271324,-0.017129216,-0.015874114,0.01418205,-0.015130794,-0.0027370977,-0.015857367,-0.015730787,-0.01420721,0.00081192254,0.003589766,-0.015813038,-0.016098153,-0.006360264,-0.003648808,-0.0123409275,-0.008453548,0.0072141197,0.0061423304,0.013189351,0.008493367,-0.0017732955,0.0055344035,0.018099979,0.003816352,0.0036392976,0.002248001,-0.018573793,0.010703848,0.010087898,5.106926e-05,retro jewelry
0.0003279853,-0.016060393,-0.013282377,-0.0189107,0.010699833,0.000858016,-0.001831572,0.010198436,-0.00394068,-0.014769525,0.0057369615,-0.011923232,0.0009781932,0.018953027,-0.0019091987,0.012280197,0.008926308,-0.0070693777,-0.010452721,0.01770665,0.0042096497,-0.0009048295,0.0017907977,-0.009842646,0.0070742345,-0.006199667,0.008427765,-0.009113162,-0.0015858435,0.007804127,-0.014298544,-0.0050455187,-0.017443629,0.003112464,0.004021397,0.0048146416,0.0021613813,0.00018041373,0.0044258977,-0.001892407,0.011843221,-0.00590894,-0.010169771,-0.01065536,-0.019337775,-0.01622584,0.004235959,0.007968996,-0.011551507,-0.019363455,arm cuffs
0.016000705,0.01581518,-0.010843732,-0.015954347,0.016150756,-0.0076242494,-0.008130781,0.014368825,0.010847652,0.0076354835,-0.0024592923,0.017338013,0.016904313,0.013947565,0.018132798,-0.011556084,0.0019973922,-0.0032615066,0.012679872,0.019556398,0.010335059,0.008119528,0.013064563,0.011756223,0.00020469188,-0.016686596,-0.004340496,0.018150056,-0.010159917,0.002017808,0.009749403,-0.01385602,0.016381748,0.0029468918,0.004855499,0.016615499,0.0029132508,0.0017793035,-0.018848276,0.019724851,-0.019732099,0.01710127,0.010105293,-0.00011312723,-0.015746634,0.018683316,-0.002756076,0.010693257,-0.0060595465,-0.009809728,casual chic jewelry
-0.0117962025,-0.005572903,-0.017314108,-0.006950779,-0.005156212,-0.0045776083,-0.010213261,-0.018390134,0.010687213,-0.0026009702,0.012347174,0.0061485837,0.017098472,-0.0070315837,-0.017789667,0.0026664375,-0.017974937,0.012085548,0.016885146,0.0010041022,0.0154049825,0.017074477,0.008401423,0.010829944,0.018257182,0.0022942638,-0.016501911,-0.016651595,-0.0035655736,-0.0012517571,0.017642645,-0.018621553,-0.005185809,0.01822625,-0.0028844834,-0.018153792,0.0040295147,-0.011678309,-0.010964965,-0.01268446,0.00025215148,0.014450202,0.008238628,0.016306851,0.017695524,0.009042,-0.012102384,0.014137438,-0.019054644,-0.009582553,designer-inspired jewelry
-0.016433947,0.00033618452,0.012050843,0.019150494,-0.005684161,0.0036519694,0.012648818,-0.0039987946,0.0039130165,-0.01864978,0.0014209056,0.009157901,0.008996408,-0.019493315,-0.010298705,0.005941498,0.003183298,-0.009400496,0.011638556,0.0070235324,-0.015649665,0.019672794,-0.015433591,-0.006060152,0.0194857,0.0022871732,-0.011090214,0.0022532463,-0.0081828665,-0.013485033,-0.015516615,0.009516317,-0.018065749,0.008122654,-0.011051728,0.010855768,-0.008731015,-0.011167436,0.012702477,-0.01729062,0.0026659633,-0.0042509483,-0.013371888,-0.015310552,0.0135141965,-0.008929474,0.009171801,-0.019321214,0.0038145971,-0.0039100433,minimalistic jewelry
-0.0043907952,-0.0194153,0.018590579,0.0040639355,-0.002322364,-0.011007414,-0.017019663,-0.01980695,0.01788877,-0.0049988506,0.0091847535,-0.009034729,0.019916117,0.0073094415,0.0020513867,-0.008088207,0.002421243,-0.0052936077,0.014701476,0.008956506,0.0019733643,0.006966176,0.007428701,-0.01357075,0.017861526,0.0034724616,-0.011574929,0.017313367,-0.0025829554,0.016374076,-0.003013742,0.013975304,0.0054527926,-0.008719458,-0.0074958564,0.018383564,0.003183732,-0.012014022,0.00069924595,-0.0039247964,0.0031690502,-0.015434635,0.014768174,0.002624452,0.015750393,0.008906088,-0.008787744,0.007505362,-0.0012769699,-0.019712498,anklets
0.01648426,0.019298747,0.01930678,-0.007599609,-0.016899247,0.009655409,-0.015310962,0.017064104,0.005520501,0.011206674,0.012232988,0.0009296155,-0.0041897893,0.0015463447,0.019671917,-0.014249072,-0.0031049084,-0.004717083,0.009732015,0.012900079,-0.008264079,0.007247338,-0.008962255,0.0065409327,0.016336946,0.007257216,-0.009145622,-0.0060183285,0.01573281,0.019208122,0.011634188,-0.006548071,-0.0036505652,-0.012514787,-0.008591149,0.006748724,-0.0129754925,-0.0132323215,0.01622284,0.019010924,0.016281169,0.0030208684,-0.01759178,-0.015194332,0.003144157,-0.019055262,-0.014820418,0.0040482474,-0.0058423374,-0.01831402,cocktail rings
0.012830866,-0.017902283,-0.014690945,-0.003502288,0.0033960175,-0.002068441,-0.010408547,0.013158503,0.017565623,-0.014824195,0.019611131,0.014733296,-0.014921451,-0.0037999153,0.008504076,0.014119211,-0.007327373,-0.0139461635,0.00944967,-0.018077213,-0.011700606,-0.0025669623,0.010961835,-0.011373882,0.009569571,-0.00086989166,0.0053345277,0.012807858,0.0028352619,0.015417149,-0.00064480305,-0.016527407,0.018356998,-0.0097164055,0.009443812,-0.007805567,-0.014659038,-0.013025298,0.009354668,-0.0013188649,0.0029205394,-0.017856557,-0.010293105,-0.012108846,0.016825575,-0.017394865,0.010049689,-0.001722703,0.00037875414,0.017599516,affordable jewelry
-0.007170875,-0.013874676,0.0015271592,0.01548567,0.018241728,-0.007369423,0.0054656146,0.009885223,-0.010584097,0.01370507,-0.012905941,0.0042016865,0.009174516,0.008770225,-0.009332568,0.0052848435,0.014619928,0.017223377,-0.019025061,0.011149495,0.009936128,-0.003189516,0.018373769,-0.008362021,-0.0034974455,-0.013726616,-0.007553351,0.00048535108,-0.0065430664,-0.010834527,0.013137748,-0.0106057115,-0.012643261,0.015281934,0.019302368,0.007989838,5.2652358e-05,0.0015785837,-0.0019231057,0.013725305,-0.0125059895,0.0010152197,0.008584299,-0.004222827,0.0017877651,0.0074202823,0.019420106,0.0043515204,0.019000325,-0.011659686,hair accessories
0.009601324,-0.0072567556,-0.00852962,0.0024395157,-0.0082546,-0.011254346,0.0062860274,0.016675316,-0.013091329,-0.018227885,-0.006663535,0.015054472,-0.019378033,0.019196555,-0.000836494,0.0046096086,-0.0036993218,-0.011524217,0.006201391,0.012390178,-0.014105811,-0.0023466325,0.0031188417,0.008497944,0.014282699,-0.0070933914,0.014550776,-0.011141942,-0.0043896507,0.018169524,0.010764646,-0.016970115,-0.0033112883,-0.017676441,-0.0032837582,0.011311236,-0.014836595,0.011020138,0.012180119,-0.007540958,-0.01931163,-0.005037634,-0.0051060463,0.0075170733,0.01784137,0.003991804,-0.0042230724,0.005939133,-0.013607438,-0.002586701,costume jewelry
-0.0029664682,0.019209731,-0.011619126,-0.0140804835,0.004722297,0.0052695395,-0.014291945,-0.011755507,-0.0023660446,-0.006605649,-0.01795146,-0.008099038,-0.0059315087,0.01300533,0.001947794,0.0031976223,0.00055667874,-0.006768277,0.0062047387,0.0014233303,0.011965675,-0.0015504383,-0.01780253,0.001765511,0.019847639,-0.010498345,-0.0104329325,-0.005037501,0.017166898,-0.001663289,0.018836735,-0.01667222,0.018034084,-0.019426243,0.01839912,0.0037454271,0.0053208973,-0.011717203,0.016878372,0.012087261,-0.010974276,-0.018997638,0.013936804,-0.011071861,-0.018642645,0.0051947143,-0.009956021,-0.014720101,0.019461118,-0.003171649,choker necklaces
-0.003022027,-0.008069008,-0.008797705,-0.009258771,-0.011191428,-0.010603607,-0.016044606,0.01903769,0.0127981305,-0.0072133876,0.0049568843,-0.015284989,0.0150462035,0.016609471,0.0015788603,-0.013665982,-0.005915456,0.009467938,-0.005878768,0.0063529466,0.018817432,0.008706212,-0.010290959,0.010934186,-0.0057583833,-0.012787881,0.014015603,-0.018507866,-0.0022613143,-0.0027706814,-0.016831893,-0.0022047996,0.011194515,-0.010535304,-0.014052272,0.012400537,-0.0068528797,-0.015639111,0.00058674096,-9.960413e-05,0.015081814,0.0011386037,0.015764918,-0.019625563,0.008066535,0.01243622,0.0020588874,-0.005672822,0.0020532298,-0.0016782427,chunky jewelry
-0.016216539,-0.013566945,0.00240031,-0.004035747,0.019098837,-0.0018988538,0.012237391,0.004092276,0.016199378,-0.01858104,0.004785459,-0.002902515,0.0043099998,-0.00043959857,-0.013281262,0.018100912,-0.005686796,0.003828628,-0.012883396,0.007428436,0.01999161,-0.002392509,0.013160436,-0.00024864197,0.015856363,0.01930186,-0.00078257325,-0.0033966876,-0.019043231,0.019749746,-0.0050659324,0.004378383,-0.0033977723,0.016654696,0.016687555,0.003073771,0.005771332,0.012868131,0.0044954014,0.012888632,0.00029348134,-0.004570942,0.010614507,-0.0068305493,-0.0052312207,0.017583458,-0.018309386,-0.0068272855,-0.005848255,0.01133786,stackable bracelets
0.015886994,-0.0129032135,0.011589062,-0.00043534517,-0.018063724,-0.0048853373,-0.003168664,-0.008961642,-0.0015875626,-0.010476869,0.011881189,0.01860676,-0.00317533,0.006753485,-0.0014960313,-0.0013992643,-0.014021123,0.002913809,0.0078053856,0.013820145,0.013077681,0.007073207,0.009323342,-0.01486422,-0.0027729988,-0.011565285,0.013602095,0.015653286,-0.008548043,0.002307315,0.010218808,0.0036189698,0.0015718318,-0.01348032,0.019665359,-0.014519406,-0.012067509,-0.011332164,-0.012695927,-0.0069821216,-0.01880059,0.002356267,-0.0075004697,-0.005102575,0.011569882,0.0071009635,0.0036418366,-0.0027481008,0.019754956,0.00057312014,sophisticated jewelry
0.010030911,0.0180755,-0.019533157,-0.018310744,0.019845655,0.0054735756,-0.0037711621,0.009448128,-0.0086308075,-0.012795277,-0.016514814,0.01442024,-0.0048987437,-0.015086334,-0.011820772,0.012351045,-0.0049593807,-0.0122915795,-0.0032359625,-0.002947104,-0.0065096878,-0.0041784765,0.008211467,0.0028932,-0.0069806837,0.005384748,0.010457885,-0.018381622,-0.015116675,0.012592736,-0.01787621,0.001056447,-0.017987637,0.016739657,-0.0085870745,-0.013240996,-0.0027675414,-0.0022273492,0.015066052,0.018219048,-0.0007015443,0.005387156,0.009474394,0.00028550863,-0.011560004,-0.0011888385,0.0043659494,0.016603427,-0.0071846507,-0.019691091,whimsical jewelry
0.010765853,0.01962138,-0.014109549,-0.0011650133,-0.010129068,0.012870052,0.019314606,-0.0006661248,0.01028089,0.0130773615,0.008818085,-0.016062466,0.006205287,-0.002972772,-0.004322159,0.010804167,-0.00263412,0.019854939,-0.0012783575,0.0005272579,-0.0045872782,-0.017026989,-0.019622302,0.009901531,-0.01324167,0.0059309937,0.005548766,-0.014013564,-0.0062720347,-0.011615124,-0.017129112,7.633209e-05,0.019574111,-0.0133517645,-0.008723707,0.016660655,0.018597025,0.019630812,-0.019784635,0.010095908,-0.013284182,0.013759689,0.012281797,-0.0067512156,0.0137682725,-0.015732784,0.0090991305,0.009160743,0.011846564,0.011759005,affordable trendy jewelry
-0.0053266953,0.0077912044,-0.012217054,-0.012917943,0.005486033,-0.018932376,-0.00059818267,0.002182274,0.016008923,-0.014003174,-0.004645908,-0.008212273,-0.0104558775,-0.0009437752,0.009222429,-0.009963827,-0.0032913135,0.017312758,-0.0026168728,-0.007143631,0.014863271,0.0024384093,-0.0006809473,0.01891955,0.016251214,0.0068357084,0.006716509,-0.0045694257,0.01618904,0.010121772,-0.010851488,-0.012258277,-0.0011987042,-0.015840912,0.00673342,-0.018448837,-0.0030891346,0.0067123487,0.0060916496,0.006319523,-0.018127333,0.0068383645,0.010692675,0.006935861,0.015585832,0.0033110976,0.012540438,0.01767023,-0.001885314,-0.0016064835,artisanal jewelry
-0.0070142867,0.00347008,0.003916166,0.019612003,-0.011216261,0.0045460532,0.012614286,-0.013354664,-0.01786758,0.017312435,0.013676102,-0.008039548,0.01148469,0.0015770388,-0.010021367,-0.0026995135,-0.009796729,0.012269554,0.003923731,-0.016639879,-0.00029252053,-0.0052954815,0.013213052,-0.002291379,0.015332205,0.0038965512,-0.00766104,0.016316317,0.0058990717,-0.007940075,-0.011199684,-0.006178534,-0.010269141,0.006880243,-0.01856527,-0.011641705,0.006682446,0.0003953004,0.0119902035,-0.007211158,-1.1949539e-05,0.0049500037,0.010921312,0.0032227754,0.019632189,0.007436426,-0.014364357,-0.0028121495,-0.01673626,-0.010654147,glamorous jewelry
0.004454026,-0.015066991,0.011256712,-0.010000232,-0.0065421746,-0.0036652351,0.016432533,0.0044928123,-0.0018152929,-0.005690551,-0.0042238953,-0.0025716042,-0.010165839,-0.0082566645,0.00037488938,0.009109337,0.0035922886,0.013805365,0.0012794303,-0.0064486577,-0.014746625,0.012014013,0.013939867,-0.012116611,0.009367976,0.018997084,-0.012761368,-0.005753887,-0.018180601,0.0064562224,-0.0068805194,0.004088423,0.018878961,-0.016713865,-0.0186261,0.0034333635,-0.016068827,-0.018135013,-0.018710442,-0.0005767989,-0.0022034072,0.0014875317,-0.002679646,0.018079903,0.017575461,-0.0127146505,0.017391693,-0.018056216,-0.0026768565,0.005079672,casual jewelry
-0.015552778,-0.013515255,-0.0063079474,0.0132303955,-0.0016684532,0.017768314,-0.004583569,-0.010608627,0.0078306105,0.004432948,-0.0005607653,-0.0049057626,-0.012005072,0.008075338,-0.015223138,-0.017813079,-0.018323055,0.016776137,0.008001167,0.0141843315,0.019780196,-0.014451675,0.00805701,0.0056422735,0.012309568,-0.0067759063,0.018661227,-0.01159885,0.014064419,0.013899488,-0.00078392983,0.010119967,0.013289302,0.0030870892,0.0147370435,0.00481735,-0.003041539,0.014788804,0.009374695,-0.0063444804,0.0032922267,-0.00027997495,0.009926515,-0.010824867,-0.008369221,-0.0018759036,0.0076437686,-0.0131631065,0.015691264,-0.0061756778,dainty jewelry
0.01147996,0.0057280753,0.013644969,-0.008932531,-0.0064041065,0.006114485,-0.005549631,0.01188505,-0.011908453,0.0051832986,-0.0014455342,-0.00122854,0.005077026,-0.0043705963,-0.008515041,-0.01710519,0.0049765613,0.010649417,-0.011734426,0.018218221,0.008072867,-0.010350852,-0.0026264573,0.007852747,-0.014010818,0.0041106557,0.011013132,0.01250967,0.010853185,0.007320051,-0.005504172,-0.012156999,0.016319843,-0.014603291,-0.0032401467,-0.0065275263,0.012977429,-0.012554867,0.0067910147,0.004095049,-0.008158033,-0.016485382,-0.01607545,0.0070113013,-0.019122552,0.011413596,-0.005824857,-0.018346122,-0.010272236,0.015488541,personalized jewelry
-0.003442824,0.012812271,-0.018553073,-0.018293064,-0.010404356,0.0019044781,-0.01435123,-0.01889205,-0.017771337,-0.0009260273,0.014827022,-0.016757175,-0.010666039,0.0030350066,0.0066386675,-0.016916333,0.015735522,-0.016432751,0.009472606,0.01883062,0.011320348,0.012345727,0.016473262,0.0069058253,-0.014288916,0.0114941355,-0.016625881,-0.011447728,0.011811351,-0.015858805,-0.011740758,-0.007116728,0.00678612,0.010439393,0.004110551,0.010217104,-0.005254147,0.008703966,-0.014096794,-0.0033204888,-0.015489602,0.0003476119,0.009396317,0.009600062,-0.009310541,0.0035009456,0.015622454,-0.011147637,-0.0075755096,-0.0011950802,beaded jewelry
-0.009439521,0.01739372,0.015084257,0.018442828,0.018725771,-0.016901677,-0.00095947983,-0.015212762,-0.009619534,-0.017679412,0.006831548,0.00021289826,-0.01383136,0.015926167,0.0019059611,0.0005971432,-0.0071281316,-0.006693213,-0.0052848742,0.015244351,0.0047891857,-0.010341861,0.009459879,0.0019809937,-0.005466297,0.015418899,-0.007894478,0.01486304,-0.008430869,-0.014712925,-0.008993068,-0.007796996,-0.0014088058,-0.0036890197,0.010222435,0.010901136,-0.0034776712,0.007467387,-0.0040569305,0.0014692115,-0.0027328753,-0.004925649,-0.009433646,-0.008523574,0.00025404454,0.0032988978,-0.01889742,0.012152715,-0.0033612347,-0.005948758,long necklaces
-0.009588148,-0.008633099,-0.009601197,-0.019607943,-0.0015548277,-0.015584774,-0.00962405,-0.014749961,0.019871365,-0.0027117897,-0.015508485,0.01103338,-0.01613271,-0.0038245702,0.0054709315,-0.014158292,-0.017467054,-0.013283146,0.014936686,0.018115394,0.007982995,0.0048073675,0.008275702,-0.008140859,0.019516075,0.013778641,0.008227468,0.017897777,-0.016787527,0.0018681741,0.017784419,-0.0018782711,-0.0134757515,-0.0045375633,-0.005576832,-0.0049964525,-0.0036883664,0.0145653365,-0.0006009388,0.008484676,-0.007503061,0.016464747,-0.013004312,-0.018676555,-0.008278973,-0.014731598,-0.00975323,0.0009895945,0.0047697043,0.003479736,body piercings
0.010015159,-0.0027912902,0.0045644,0.0007028866,0.015690805,0.016053576,-0.0039469837,0.0025148655,-0.012063823,-0.009517174,-0.013941648,-6.337166e-06,-0.009829399,-0.008092594,0.0030094075,0.005220015,-0.018236423,0.0034948206,0.01026042,0.008321128,-0.0058139204,0.018961199,0.018898552,-5.433798e-05,0.0017105937,-0.018496541,-0.009609821,-0.0002030015,0.008086982,0.00031690596,-0.017449275,0.011629742,-0.014830155,0.017107558,0.011032772,-0.013550892,0.005684974,0.015436564,-0.012218075,-0.013093826,0.018398073,0.0036095835,0.019420898,-0.019813273,-0.00300282,0.013799658,-0.0029263638,-0.0035131527,-0.014158027,-0.01133154,initial jewelry
-0.013042219,0.017846532,-0.0031693624,-0.01656699,0.016031913,-0.0059217787,-0.0026640105,-0.001351614,0.005653632,-0.00943356,-0.0005156326,-0.00569103,0.01755188,0.013757801,0.002199087,-0.012132588,0.006265223,0.0022729754,-0.012248759,-0.011504641,-0.0061931657,0.004773004,-0.016230032,-0.009983685,0.016197052,-0.0073846173,0.015915854,0.0010716153,-0.011068745,-0.009928198,-0.0004303646,0.009185357,-0.012166953,-0.0110164,-0.013621981,0.01349292,-0.004807541,0.008032105,-0.003252778,-0.014830944,-0.0025366782,0.00080620765,0.007172785,-0.017352013,-0.013610725,-0.013113823,0.005984576,-0.0074843145,0.0020342732,0.008314097,trendy and timeless jewelry
0.009037657,0.0047312356,-0.0057461597,0.0012812924,-0.010783341,-0.012705455,0.017431455,-0.008101356,-0.01863599,0.007462423,0.016908338,-0.0003765607,0.004529481,-0.0070943926,-0.008384807,-0.017239671,-0.015706008,-0.018158467,-0.011941202,0.016975792,0.018873323,-0.0033584642,3.055334e-05,0.015705712,0.0025251126,-0.0102905445,0.0052561043,0.0036115719,-0.007452769,-0.0097803,0.019287443,0.015297475,-0.017140284,-0.011050272,0.002842822,0.0018301916,-0.016702008,0.01865634,-0.010763598,0.009202618,0.018462218,0.0021805859,0.008441169,-0.005430994,-0.019364696,0.0011997389,-0.0021677732,-0.019841418,0.014011235,-0.0147719765,formal jewelry
0.0102417115,-0.008836038,-0.01838215,-0.018126464,0.012467398,-0.010470676,0.010505733,-0.0031561756,0.019401133,0.014326608,0.019781508,0.016761651,-0.015730966,-0.019174127,-0.011141574,-0.0016040731,0.01001637,0.0073396442,-0.0040504527,0.010093724,-0.0067990897,-0.01362756,0.009421063,-0.019710535,0.0017797255,-0.010024767,0.015189774,-0.0074319984,0.005633967,-0.012513488,0.01923044,-0.011180785,0.0071389056,0.006480012,0.017863126,-0.011130845,-0.008747142,-0.012446127,0.012299678,-0.0091662435,0.0096224835,-0.0017840862,0.014545455,-0.012072666,-0.00019637347,-0.0001752758,-0.017085299,0.017478758,-0.00420918,0.012870491,huggie earrings
0.00018294573,0.0100544095,0.0044272924,0.017699635,-0.01665921,0.016866766,0.017298406,0.0021215177,0.008846466,0.0076690293,0.008111591,-0.0058928514,0.0056891227,0.0015330458,0.00965261,0.016826198,-0.01549223,0.00030479432,-0.017464437,-0.0031493234,-0.018064516,0.0063256905,-0.0031548715,-0.0013972402,0.012854171,-0.016196994,0.002299149,-0.0048423912,-0.0074610757,-0.014565882,-0.0159512,0.016584948,-0.014875693,0.009635291,-0.0075735953,-0.0024275803,0.005618496,-0.017168924,-0.011310201,-0.015478883,-0.018821072,-0.009503377,-0.006320605,0.00097142695,-0.0013948322,-0.015752953,-0.007574637,-0.0054846597,-0.012769377,-0.012756524,statement pins
-0.005215862,-0.01583722,-0.016519476,-0.015171378,0.0071081542,-0.015176909,-0.007421522,0.01325736,0.01479913,-0.012795847,0.013596602,-0.015542154,0.00026361702,0.013233113,-0.0056795334,0.01844044,-0.0006491113,0.009369111,0.0139048025,-0.017081507,-0.012140861,-0.014590898,-0.0023419047,-0.014179048,0.00021855354,-0.016087268,0.0010209274,-0.0007781887,0.012944441,-0.01776329,-0.006346903,0.01179671,0.018468788,-0.0035703564,0.0015544962,-0.012189019,0.0016422438,-0.01627895,-0.015277221,0.0027658558,-0.00016288042,0.0111232875,-0.019473277,0.003310299,0.003150165,-0.010495189,0.00014225721,0.012116113,-0.013199749,0.00057834864,layered necklaces
0.00779032,0.003410914,0.005720992,0.016309263,0.013380463,0.007012105,0.015951607,-0.015333636,0.015066769,0.0077790306,-0.011802223,-0.008384242,0.012787769,0.011600366,-0.0197208,0.0024959277,-0.0008012128,0.0016273737,0.014155683,-0.014345846,0.019282255,-0.018915117,0.012439196,0.018992668,-0.007651241,-0.018785682,0.012368178,-0.017927723,-0.016590513,-0.0016592575,-0.013288889,0.01749548,0.015703134,0.0016575933,0.016004069,0.019689398,0.010379603,0.008637636,0.010755329,0.01282677,0.009457272,0.012772381,-0.0148995165,0.017720249,0.016565014,0.018757056,-0.01803564,-0.0068940236,-0.0006845045,0.008333833,baroque jewelry
-0.0143818855,0.008465781,0.004326789,0.014881429,-0.00977853,-0.009128693,-0.012196348,0.0065987348,-0.008998926,0.01704577,-0.008577654,-0.01821084,-0.009632711,0.012832981,-0.012742648,-0.010523073,-0.014608822,0.012044523,0.006715188,0.0056967805,-0.006277101,0.012061782,-0.012305491,-0.0039602015,-0.011966164,-0.0019913602,-0.004041972,0.016971892,0.00015600205,-0.017150652,-0.010858197,-0.013751972,0.0053847623,0.018913295,-0.011631992,0.016530052,0.017064104,-0.014125278,-0.017766425,0.018938368,0.016748728,-0.009381783,-0.013452082,0.015684273,0.007526691,0.016191008,-0.015143092,-0.01905017,0.003154812,-0.019611536,holiday jewelry
-0.0010724545,0.0004728627,0.010206699,0.018018546,-0.018605899,-0.014233618,0.012917745,0.017945977,-0.010030856,-0.007526743,0.014761009,-0.0030669428,-0.009073227,0.013108104,-0.009720321,-0.0036320353,0.0057531595,0.0019837476,-0.01657043,-0.018897636,0.014623532,0.010140524,0.013515387,0.0015257311,0.012701781,-0.0068107317,-0.0018928028,0.011537147,-0.015043275,-0.007872207,-0.015023164,-0.0018600845,0.019076237,-0.014638334,-0.0046675373,-0.0038754821,0.016154874,-0.011861792,9.032488e-05,-0.009507468,-0.019207101,0.010014586,-0.01751917,-0.008783651,-7.019997e-05,-0.0005923629,-0.01532248,0.019229487,0.009964116,0.018466286,body chains
